driver_id,name,age,city,latitude,longitude,vehicle_type,rating,join_date,is_active
DRV_0001,Stephen Hunt,20,Ahmedabad,23.042054,72.604648,Scooter,4.9,2024-09-27,False
DRV_0002,Dean Stewart,47,Delhi,28.728944,77.121778,Motorcycle,3.6,2021-10-31,True
DRV_0003,Anita Chase,32,Pune,18.538375,73.885055,Motorcycle,4.5,2022-08-30,True
DRV_0004,Peter Stone,29,Chennai,13.103759,80.277602,Motorcycle,4.6,2024-03-04,True
DRV_0005,Linda Banks,40,Chandigarh,30.725969,76.797137,Scooter,4.7,2023-12-14,True
DRV_0006,Lisa Reed,21,Kolkata,22.54367,88.412875,Scooter,3.7,2024-01-28,True
DRV_0007,Michael Allen,47,Delhi,28.712045,77.066733,Car,3.7,2020-08-15,True
DRV_0008,Danielle Flores,23,Surat,21.195356,72.819003,Motorcycle,5.0,2022-10-29,True
DRV_0009,Brandy Kirk,50,Jaipur,26.924735,75.807964,Motorcycle,4.6,2023-07-23,True
DRV_0010,George Mcdowell,40,Mumbai,19.110967,72.886693,Scooter,3.2,2022-06-14,True
DRV_0011,Luke Harris,40,Chandigarh,30.710938,76.829057,Motorcycle,3.8,2022-10-18,True
DRV_0012,Deborah Cordova,37,Mumbai,19.041164,72.926848,Scooter,5.0,2024-01-22,True
DRV_0013,Brittany Shelton,22,Indore,22.67246,75.850777,Motorcycle,3.8,2022-02-11,True
DRV_0014,Amanda Haynes,24,Lucknow,26.856866,80.898785,Scooter,4.1,2021-02-21,True
DRV_0015,Kevin Fischer,20,Bangalore,12.998444,77.545502,Motorcycle,3.6,2020-07-06,True
DRV_0016,Elizabeth Morgan,27,Surat,21.194638,72.785323,Scooter,4.3,2021-03-05,True
DRV_0017,Michael Wheeler,43,Coimbatore,10.984406,76.999123,Motorcycle,4.5,2024-11-14,True
DRV_0018,Francisco Gill,35,Chennai,13.076336,80.318128,Bicycle,3.0,2021-11-22,True
DRV_0019,Stephanie Montoya,45,Mumbai,19.051935,72.841179,Motorcycle,4.9,2022-05-28,True
DRV_0020,Randy Baker,49,Chennai,13.082306,80.266535,Car,3.9,2021-11-16,False
DRV_0021,Jennifer Martinez,27,Hyderabad,17.410117,78.497764,Car,3.7,2024-01-06,True
DRV_0022,Hannah Adams,26,Coimbatore,11.014652,76.972637,Scooter,4.6,2021-02-14,True
DRV_0023,Billy Walker,42,Bhopal,23.26345,77.369971,Motorcycle,3.2,2020-07-20,False
DRV_0024,Matthew Orr,37,Bangalore,12.98404,77.625308,Scooter,3.3,2020-11-16,False
DRV_0025,Cory Houston,23,Jaipur,26.93513,75.819407,Bicycle,4.4,2022-12-25,False
DRV_0026,Anna Frederick,46,Bangalore,12.922026,77.609301,Motorcycle,3.8,2023-09-30,True
DRV_0027,Kelly Bishop,27,Delhi,28.694553,77.135948,Motorcycle,4.5,2021-04-04,True
DRV_0028,Gary Murphy,42,Surat,21.171598,72.855499,Motorcycle,3.1,2024-06-14,True
DRV_0029,Mandy Ray,34,Bangalore,12.959913,77.64395,Bicycle,4.9,2020-07-23,True
DRV_0030,Collin Hall,50,Delhi,28.664888,77.138804,Car,4.1,2020-09-15,True
DRV_0031,Caitlin Kelly,27,Surat,21.164255,72.848963,Motorcycle,4.1,2022-04-08,True
DRV_0032,Michelle Marks,21,Chandigarh,30.720272,76.736802,Motorcycle,4.8,2023-07-29,False
DRV_0033,Taylor Carlson,26,Jaipur,26.904047,75.743999,Motorcycle,4.2,2020-09-12,True
DRV_0034,Anna Lane,42,Ahmedabad,23.050673,72.597506,Bicycle,4.6,2022-01-04,True
DRV_0035,Joseph Zimmerman,39,Chennai,13.047766,80.291474,Motorcycle,3.5,2024-03-18,True
DRV_0036,Micheal Brown,48,Hyderabad,17.336974,78.53265,Scooter,5.0,2020-06-30,False
DRV_0037,Dr. Katie Edwards,47,Chennai,13.121283,80.255234,Car,3.8,2023-08-23,False
DRV_0038,Heather Rodriguez,49,Ahmedabad,23.052233,72.546127,Motorcycle,3.2,2020-12-22,False
DRV_0039,Donald Phillips,35,Lucknow,26.846014,80.91888,Bicycle,3.3,2021-12-19,True
DRV_0040,Sarah Anderson,33,Indore,22.765831,75.867416,Motorcycle,4.5,2021-03-30,True
DRV_0041,Joseph Wilcox,46,Delhi,28.668832,77.087922,Car,3.2,2022-07-11,True
DRV_0042,Sarah Smith,23,Lucknow,26.883036,80.990591,Motorcycle,3.9,2024-11-26,True
DRV_0043,David Aguilar,44,Chennai,13.1128,80.297488,Motorcycle,3.2,2022-02-08,True
DRV_0044,Aaron Ramos,41,Kolkata,22.567434,88.357176,Car,3.3,2022-11-23,True
DRV_0045,Noah Lewis,38,Delhi,28.696932,77.05422,Car,3.7,2023-03-27,False
DRV_0046,Pamela Bailey,37,Lucknow,26.88286,80.982619,Bicycle,3.3,2023-02-04,False
DRV_0047,Victoria Pitts,36,Jaipur,26.934296,75.76351,Motorcycle,3.1,2022-07-10,True
DRV_0048,Stephanie Sellers,31,Delhi,28.735674,77.091307,Motorcycle,4.5,2021-06-19,True
DRV_0049,Tiffany Morrison,38,Bhopal,23.218391,77.411884,Bicycle,4.8,2024-09-20,True
DRV_0050,Jasmine Pearson,24,Pune,18.563252,73.851235,Scooter,3.5,2023-01-27,False
DRV_0051,Tasha Davis,43,Bangalore,12.935987,77.551604,Scooter,3.6,2022-09-04,True
DRV_0052,Ariana Holder,46,Pune,18.4969,73.891131,Car,3.3,2022-02-09,True
DRV_0053,Leslie Carey,26,Chennai,13.072288,80.31501,Car,3.5,2024-04-17,False
DRV_0054,Colin Perez,41,Jaipur,26.92305,75.749361,Motorcycle,4.1,2023-01-13,True
DRV_0055,Stephanie Lewis,24,Coimbatore,10.967778,76.972784,Motorcycle,3.6,2023-08-27,True
DRV_0056,Jennifer Thompson,20,Pune,18.478527,73.806712,Scooter,3.8,2022-06-02,False
DRV_0057,Denise Burgess,46,Chennai,13.081461,80.234657,Scooter,3.3,2023-02-24,True
DRV_0058,Chad Clark,43,Kolkata,22.606653,88.375937,Bicycle,4.6,2023-03-22,True
DRV_0059,Maureen Baker,25,Hyderabad,17.423799,78.523124,Motorcycle,4.2,2024-08-09,False
DRV_0060,Brian Ashley,47,Chandigarh,30.775252,76.76924,Motorcycle,3.0,2021-06-30,True
DRV_0061,Tammy Jackson,46,Chennai,13.117733,80.280892,Scooter,3.9,2021-09-08,False
DRV_0062,Dennis Johnson,33,Indore,22.742646,75.856347,Motorcycle,3.8,2021-11-13,False
DRV_0063,Paul Robinson,47,Ahmedabad,22.977579,72.563669,Bicycle,3.8,2022-06-08,True
DRV_0064,Karen Gonzalez,25,Mumbai,19.107496,72.892555,Car,4.8,2024-10-28,False
DRV_0065,Melissa Flynn,41,Indore,22.745913,75.883616,Motorcycle,3.6,2023-07-20,True
DRV_0066,Amanda Wallace,42,Chennai,13.069789,80.25945,Car,4.7,2023-08-23,True
DRV_0067,Andrew Montes,32,Bangalore,12.95679,77.635616,Car,3.0,2023-04-11,True
DRV_0068,Jared Clark,29,Mumbai,19.051305,72.920264,Scooter,3.9,2021-01-02,False
DRV_0069,Alicia Terrell,36,Bangalore,12.95076,77.637085,Motorcycle,4.6,2023-08-26,True
DRV_0070,Angelica Clark,30,Surat,21.160942,72.85374,Bicycle,4.6,2021-08-02,True
DRV_0071,Jordan Burns,23,Lucknow,26.892715,80.936739,Scooter,4.0,2024-03-08,True
DRV_0072,Nancy Neal,48,Chandigarh,30.72778,76.732928,Motorcycle,4.7,2024-03-26,False
DRV_0073,Dr. Gabriel Donaldson Jr.,47,Surat,21.124204,72.798841,Motorcycle,3.6,2022-05-13,False
DRV_0074,Christopher Smith MD,26,Bangalore,12.984535,77.640462,Scooter,4.2,2021-05-17,True
DRV_0075,David Ballard,43,Chandigarh,30.68428,76.742877,Motorcycle,3.2,2023-12-14,True
DRV_0076,Valerie Montoya,28,Ahmedabad,22.996869,72.615392,Motorcycle,3.8,2023-08-09,True
DRV_0077,Christopher Gould,26,Coimbatore,10.975018,77.000931,Motorcycle,4.9,2022-03-24,True
DRV_0078,Donna Novak,47,Mumbai,19.079275,72.834993,Bicycle,3.2,2021-08-28,True
DRV_0079,Linda Gonzales,44,Delhi,28.745291,77.079966,Motorcycle,4.7,2024-05-28,True
DRV_0080,Raymond Tucker,36,Jaipur,26.940621,75.749273,Car,3.1,2020-12-07,False
DRV_0081,Bryan Hall,38,Hyderabad,17.357922,78.496261,Motorcycle,4.7,2023-03-19,True
DRV_0082,Diane Owens,50,Bangalore,12.986557,77.59254,Motorcycle,3.1,2021-02-18,True
DRV_0083,Jeffery Ortiz,44,Coimbatore,10.991331,76.914771,Motorcycle,4.5,2024-10-28,True
DRV_0084,Ann Richard,22,Chandigarh,30.691751,76.752216,Scooter,3.8,2023-03-15,True
DRV_0085,Allison Marquez,32,Chandigarh,30.684254,76.776486,Motorcycle,3.4,2022-02-15,True
DRV_0086,Bruce Hobbs,48,Chennai,13.05281,80.264014,Car,3.3,2022-01-27,False
DRV_0087,Eric Stokes,27,Chandigarh,30.758366,76.810715,Scooter,4.3,2020-09-16,False
DRV_0088,Shelby Montgomery,49,Chandigarh,30.744557,76.811362,Motorcycle,3.9,2021-05-25,False
DRV_0089,Sheila Ward,48,Hyderabad,17.432525,78.532058,Bicycle,3.4,2022-05-11,False
DRV_0090,Lisa Lopez,35,Chandigarh,30.724541,76.74485,Scooter,3.0,2020-08-14,True
DRV_0091,Jesse Sweeney,35,Bangalore,12.938955,77.616991,Bicycle,4.5,2023-10-14,False
DRV_0092,Christine Figueroa,39,Mumbai,19.059849,72.835835,Motorcycle,4.6,2020-06-25,True
DRV_0093,Tammy Hill,35,Bangalore,12.955303,77.571033,Motorcycle,4.3,2022-05-31,True
DRV_0094,Ronald Callahan,48,Coimbatore,11.007255,77.000301,Motorcycle,4.0,2020-08-29,True
DRV_0095,James Williams,37,Coimbatore,11.058834,76.927247,Motorcycle,4.3,2021-04-28,True
DRV_0096,Betty Parker,37,Lucknow,26.853013,80.976173,Car,3.9,2021-07-31,True
DRV_0097,Gerald Dunlap,29,Bangalore,12.971479,77.631011,Bicycle,3.1,2021-10-18,True
DRV_0098,Abigail Zimmerman,24,Mumbai,19.037942,72.879048,Scooter,3.8,2022-01-02,False
DRV_0099,Elizabeth Sweeney,28,Chennai,13.05373,80.319799,Motorcycle,4.7,2023-12-29,False
DRV_0100,Jennifer Gilmore,27,Kolkata,22.584841,88.387227,Car,3.3,2021-01-30,True
DRV_0101,James Carter,28,Indore,22.67991,75.888362,Motorcycle,3.4,2023-08-12,True
DRV_0102,Dawn Powell,44,Delhi,28.697809,77.059573,Scooter,4.5,2021-12-01,True
DRV_0103,Victor Harris,39,Chandigarh,30.707605,76.735789,Motorcycle,4.3,2020-10-09,True
DRV_0104,Michael Quinn,26,Coimbatore,11.025208,76.974363,Motorcycle,4.3,2022-07-11,True
DRV_0105,Pamela Buckley,44,Hyderabad,17.364605,78.478598,Bicycle,3.7,2020-10-01,False
DRV_0106,Michele Reyes,28,Lucknow,26.799686,80.972203,Scooter,3.6,2022-02-23,True
DRV_0107,Sarah Boyd,46,Chandigarh,30.724191,76.731091,Scooter,4.3,2024-07-09,True
DRV_0108,Melody Moreno,38,Chandigarh,30.76243,76.776533,Motorcycle,3.5,2023-02-21,True
DRV_0109,Brittany Raymond,42,Bangalore,12.941125,77.55554,Bicycle,4.6,2021-10-22,True
DRV_0110,Michelle Silva,35,Surat,21.177472,72.837197,Scooter,4.7,2024-09-22,True
DRV_0111,Bruce Watts,39,Indore,22.747633,75.817171,Motorcycle,3.7,2024-09-10,True
DRV_0112,Crystal Johnson,29,Pune,18.5304,73.881552,Motorcycle,4.0,2020-12-07,True
DRV_0113,Elizabeth Myers,36,Indore,22.721022,75.834319,Motorcycle,3.2,2023-04-18,True
DRV_0114,Aaron Alexander,21,Ahmedabad,23.009067,72.589324,Motorcycle,3.4,2024-06-13,True
DRV_0115,Diane Sanchez,31,Chennai,13.129104,80.269416,Motorcycle,3.3,2020-09-04,False
DRV_0116,James Matthews,48,Kolkata,22.528194,88.319837,Scooter,3.2,2020-08-13,True
DRV_0117,Roy Thompson,22,Mumbai,19.02725,72.909123,Motorcycle,3.4,2023-07-05,True
DRV_0118,Michael Diaz,27,Delhi,28.715129,77.136142,Car,3.5,2020-06-17,True
DRV_0119,Taylor Adkins,44,Ahmedabad,23.014314,72.545544,Bicycle,3.9,2024-09-18,False
DRV_0120,Elizabeth Quinn,29,Surat,21.159662,72.8007,Motorcycle,4.1,2024-11-15,True
DRV_0121,Jared Lee,47,Bangalore,12.957453,77.573157,Scooter,4.1,2022-10-06,True
DRV_0122,Debra Church,42,Bangalore,13.002923,77.552193,Motorcycle,5.0,2023-07-29,True
DRV_0123,Matthew Wilson,25,Chandigarh,30.706724,76.772689,Motorcycle,4.0,2024-02-19,True
DRV_0124,Patrick Horton,29,Bangalore,13.013721,77.630455,Bicycle,4.0,2020-06-25,False
DRV_0125,Erica Jones,43,Coimbatore,11.041155,76.958001,Scooter,4.1,2024-07-12,True
DRV_0126,Alejandro Shelton,22,Coimbatore,11.015299,77.00559,Motorcycle,4.2,2020-11-25,True
DRV_0127,Robert Thompson,25,Kolkata,22.554835,88.327293,Bicycle,3.5,2024-10-03,True
DRV_0128,Cody Perez,47,Hyderabad,17.402832,78.507849,Scooter,3.5,2021-06-30,False
DRV_0129,Gabrielle Durham,37,Delhi,28.735397,77.117811,Scooter,3.1,2020-12-27,False
DRV_0130,Jennifer Ramirez,32,Ahmedabad,22.999025,72.619079,Motorcycle,5.0,2022-11-13,True
DRV_0131,Christopher Lee,42,Indore,22.732174,75.83699,Bicycle,4.9,2024-01-28,True
DRV_0132,Dawn Watkins,48,Bhopal,23.217528,77.436203,Scooter,4.5,2023-05-11,True
DRV_0133,Christina Higgins MD,50,Ahmedabad,22.992856,72.586388,Scooter,3.7,2021-11-14,True
DRV_0134,Darren Roberts,25,Hyderabad,17.427783,78.46748,Motorcycle,4.8,2024-07-22,True
DRV_0135,Donald Morrison,25,Surat,21.213541,72.872829,Bicycle,3.8,2021-02-26,True
DRV_0136,James Clark,33,Jaipur,26.94302,75.83663,Car,4.6,2024-01-14,True
DRV_0137,Jamie Lambert,46,Mumbai,19.088306,72.908379,Scooter,3.2,2021-08-12,False
DRV_0138,Tracie Burton,40,Coimbatore,10.980763,76.921932,Motorcycle,3.2,2024-03-18,False
DRV_0139,Mitchell Marshall,28,Indore,22.682484,75.859326,Bicycle,4.1,2021-12-13,True
DRV_0140,Matthew Griffith,50,Lucknow,26.856102,80.943571,Scooter,3.9,2024-08-25,True
DRV_0141,Tracy Long,48,Lucknow,26.826087,80.984176,Scooter,4.0,2023-04-11,True
DRV_0142,Caleb King,38,Pune,18.501797,73.828863,Motorcycle,3.2,2020-11-10,True
DRV_0143,Bethany Stevens,22,Delhi,28.722946,77.103336,Car,4.1,2024-03-22,True
DRV_0144,Gina Hill,39,Kolkata,22.546618,88.383507,Motorcycle,4.4,2023-12-25,False
DRV_0145,Michelle Walsh,27,Hyderabad,17.387416,78.500926,Motorcycle,4.8,2021-11-27,False
DRV_0146,Dr. Tracy Stout DDS,27,Pune,18.541762,73.831746,Scooter,3.2,2024-04-11,False
DRV_0147,Lauren Adams,22,Indore,22.756008,75.883222,Motorcycle,3.7,2020-06-24,True
DRV_0148,Darrell Thomas,34,Indore,22.722933,75.834414,Motorcycle,4.0,2022-09-17,True
DRV_0149,Gary Gibson,28,Bhopal,23.258729,77.430699,Motorcycle,4.7,2023-10-04,True
DRV_0150,Steven Clayton,25,Surat,21.147988,72.870989,Bicycle,4.2,2024-04-01,True
DRV_0151,Samantha Jones,45,Bangalore,12.942066,77.546399,Bicycle,4.6,2024-07-02,True
DRV_0152,Antonio Brown,46,Kolkata,22.585004,88.355603,Scooter,4.4,2024-04-19,True
DRV_0153,David Taylor,39,Hyderabad,17.430396,78.472796,Scooter,4.9,2024-10-24,False
DRV_0154,Brad Robertson,46,Surat,21.219642,72.830181,Car,3.1,2021-10-05,False
DRV_0155,John Hayes,28,Delhi,28.736594,77.124615,Scooter,5.0,2022-08-13,True
DRV_0156,Miranda Weiss,43,Indore,22.76363,75.89431,Bicycle,3.5,2023-01-07,False
DRV_0157,Charles Johnson,47,Lucknow,26.865041,80.935141,Bicycle,4.7,2023-09-24,True
DRV_0158,Amy Galvan,28,Bangalore,12.988868,77.612543,Motorcycle,4.0,2023-11-23,True
DRV_0159,Michael Cooper,34,Chennai,13.113332,80.286217,Bicycle,3.8,2020-06-03,True
DRV_0160,Patricia Reyes,31,Surat,21.175362,72.86476,Motorcycle,4.4,2023-10-08,True
DRV_0161,Kelly White,26,Hyderabad,17.422878,78.533835,Car,4.9,2024-10-05,True
DRV_0162,Brenda Edwards,28,Chandigarh,30.726777,76.80159,Motorcycle,4.1,2023-04-29,True
DRV_0163,Edward Green,28,Bangalore,12.925567,77.576084,Scooter,4.3,2022-01-13,True
DRV_0164,Judy Wilson,24,Coimbatore,11.055514,76.922047,Motorcycle,3.4,2024-08-25,True
DRV_0165,Jeffery Taylor,26,Mumbai,19.110747,72.909874,Motorcycle,3.5,2020-06-09,True
DRV_0166,Yesenia Mosley,25,Coimbatore,11.00103,77.005266,Motorcycle,3.8,2023-05-05,True
DRV_0167,Thomas Parker,38,Lucknow,26.891815,80.947908,Motorcycle,4.7,2021-06-17,True
DRV_0168,Kyle Young,50,Pune,18.549702,73.822588,Motorcycle,3.7,2020-11-22,True
DRV_0169,April Eaton,33,Chandigarh,30.775183,76.799457,Motorcycle,4.0,2024-03-19,True
DRV_0170,Shannon Arias,37,Ahmedabad,23.051585,72.608013,Scooter,4.3,2020-11-10,True
DRV_0171,Corey Foster,27,Chennai,13.127514,80.232356,Bicycle,3.1,2024-12-28,True
DRV_0172,Sarah Benson,25,Coimbatore,11.047113,76.938583,Car,4.2,2020-12-09,True
DRV_0173,William Miller,35,Bhopal,23.283144,77.444693,Motorcycle,4.0,2023-11-03,True
DRV_0174,Alexandra Bauer,20,Surat,21.194039,72.87853,Car,4.7,2024-03-27,True
DRV_0175,Misty Walker,31,Mumbai,19.097585,72.920044,Car,3.7,2021-03-27,True
DRV_0176,Michael Miranda,25,Chandigarh,30.731454,76.786036,Scooter,3.2,2023-02-11,True
DRV_0177,Joseph Ramirez,25,Lucknow,26.810642,80.911997,Motorcycle,3.3,2020-10-01,True
DRV_0178,Ethan Oneal,35,Kolkata,22.57038,88.371991,Motorcycle,4.4,2023-01-30,False
DRV_0179,Grace Ramirez,33,Ahmedabad,23.035605,72.570417,Bicycle,4.9,2021-04-13,True
DRV_0180,Jose Flynn,45,Mumbai,19.068467,72.880543,Motorcycle,3.1,2020-08-06,True
DRV_0181,Jennifer Guerrero,37,Hyderabad,17.367564,78.510233,Scooter,4.8,2024-05-08,True
DRV_0182,Ashley Campbell,30,Chennai,13.119028,80.31418,Bicycle,3.6,2024-07-24,True
DRV_0183,Ronald Wells,50,Surat,21.126932,72.824918,Scooter,3.1,2021-06-10,True
DRV_0184,Joshua Zimmerman,42,Delhi,28.678009,77.125738,Bicycle,4.1,2024-08-28,True
DRV_0185,Scott Hampton,46,Bangalore,12.922884,77.598161,Bicycle,3.2,2024-08-11,True
DRV_0186,Greg Zhang,43,Delhi,28.73259,77.130141,Bicycle,3.8,2022-07-30,True
DRV_0187,Joshua Davis,49,Kolkata,22.584446,88.325051,Motorcycle,3.1,2020-09-04,False
DRV_0188,Joshua Montoya,26,Bangalore,12.927911,77.560385,Motorcycle,3.6,2023-02-23,True
DRV_0189,Karen Bryant,44,Surat,21.126992,72.842581,Bicycle,4.6,2021-11-21,True
DRV_0190,Jordan Nolan,34,Chennai,13.084829,80.242495,Bicycle,3.6,2022-04-11,True
DRV_0191,Sierra Lee,28,Indore,22.67611,75.815372,Car,3.5,2021-09-21,False
DRV_0192,Andre Hall,28,Hyderabad,17.390479,78.447679,Motorcycle,4.8,2021-02-23,False
DRV_0193,Andre Young,22,Bhopal,23.263593,77.443967,Motorcycle,3.4,2023-08-14,True
DRV_0194,Mark Woodard,37,Coimbatore,11.055507,76.942176,Motorcycle,4.7,2021-12-12,True
DRV_0195,Curtis Thompson DDS,29,Coimbatore,10.982796,76.921301,Motorcycle,4.8,2021-10-15,True
DRV_0196,Stephen Bowman,43,Mumbai,19.11231,72.847091,Motorcycle,4.9,2023-08-06,True
DRV_0197,Bradley Hernandez,37,Surat,21.190021,72.870752,Motorcycle,3.8,2024-09-20,False
DRV_0198,Laura Jones,50,Delhi,28.727637,77.137731,Bicycle,3.2,2024-12-07,True
DRV_0199,Bruce Johnson,49,Hyderabad,17.374963,78.510523,Bicycle,4.9,2024-11-28,True
DRV_0200,Claire Shaffer DDS,35,Ahmedabad,23.063034,72.54069,Motorcycle,3.2,2023-05-25,False
DRV_0201,Philip Rogers,50,Indore,22.746779,75.838111,Bicycle,3.4,2021-11-10,True
DRV_0202,Dennis Davis,50,Lucknow,26.842356,80.909507,Scooter,3.9,2022-08-27,True
DRV_0203,Vicki Murray,46,Indore,22.711744,75.815943,Scooter,4.9,2020-11-02,True
DRV_0204,Jill Wright DDS,23,Hyderabad,17.339427,78.452079,Motorcycle,4.1,2022-11-09,True
DRV_0205,Mr. Bryan Vega,38,Coimbatore,11.007352,76.945306,Scooter,4.7,2023-06-16,True
DRV_0206,Nicole Kerr,27,Hyderabad,17.386563,78.51865,Scooter,4.3,2021-03-20,True
DRV_0207,Cody Thomas,24,Bhopal,23.281406,77.39063,Motorcycle,4.9,2022-04-08,True
DRV_0208,Christine Cooley,22,Lucknow,26.85329,80.922179,Motorcycle,3.4,2021-03-24,False
DRV_0209,Kathleen Brown,27,Coimbatore,11.014415,76.938101,Motorcycle,4.7,2022-09-17,True
DRV_0210,Stephanie Kelly,23,Bangalore,13.003687,77.627342,Motorcycle,5.0,2023-06-29,True
DRV_0211,William Jones,50,Delhi,28.743695,77.106482,Car,3.8,2021-03-17,False
DRV_0212,Sarah Kramer,29,Hyderabad,17.362364,78.510664,Motorcycle,4.1,2021-02-19,True
DRV_0213,Christine Matthews,42,Surat,21.214106,72.870457,Scooter,4.3,2020-12-11,False
DRV_0214,Brittney Williams DVM,37,Bangalore,12.968228,77.630571,Motorcycle,4.9,2022-12-16,False
DRV_0215,John Bauer,24,Lucknow,26.876075,80.990277,Motorcycle,3.0,2022-12-06,True
DRV_0216,Breanna Barton,34,Bhopal,23.253474,77.41706,Motorcycle,3.3,2024-04-05,False
DRV_0217,Michael Tucker,25,Coimbatore,11.002456,76.934121,Motorcycle,4.6,2024-07-18,False
DRV_0218,Rebecca Peterson,44,Pune,18.47316,73.874669,Scooter,3.2,2023-06-28,True
DRV_0219,Michael Jones Jr.,30,Hyderabad,17.418862,78.438742,Motorcycle,3.2,2023-12-25,True
DRV_0220,Jean Pacheco,29,Bangalore,12.974217,77.643446,Car,4.7,2022-01-19,True
DRV_0221,Melissa Robinson,43,Lucknow,26.801915,80.984845,Scooter,3.5,2020-11-26,True
DRV_0222,Michael Rice,50,Pune,18.520148,73.8097,Motorcycle,3.8,2020-12-18,True
DRV_0223,Sarah Galvan,29,Surat,21.137922,72.819694,Scooter,3.3,2023-06-23,True
DRV_0224,Melissa Lopez,35,Jaipur,26.871536,75.770023,Bicycle,4.9,2020-11-21,True
DRV_0225,Ronnie Kemp,47,Kolkata,22.547417,88.333239,Motorcycle,4.5,2023-01-06,False
DRV_0226,Ronald Norris,25,Bhopal,23.218508,77.431215,Bicycle,4.3,2022-01-28,False
DRV_0227,Jennifer Rios,42,Surat,21.155972,72.799788,Bicycle,4.0,2021-09-03,True
DRV_0228,Dakota Jones,35,Kolkata,22.584455,88.342485,Bicycle,3.9,2021-06-12,False
DRV_0229,Lucas Walker,20,Mumbai,19.064356,72.908068,Scooter,3.3,2022-06-30,True
DRV_0230,Michael Garcia,41,Kolkata,22.591063,88.313905,Scooter,4.7,2020-12-27,True
DRV_0231,Megan White,28,Bhopal,23.217608,77.427545,Motorcycle,4.9,2022-02-10,True
DRV_0232,Lori Morales,48,Coimbatore,11.047724,76.938845,Car,3.1,2022-03-19,True
DRV_0233,Rachel Gilmore,39,Delhi,28.680796,77.114149,Motorcycle,4.8,2021-07-24,True
DRV_0234,Valerie Sellers,48,Surat,21.156649,72.880757,Motorcycle,4.0,2023-06-07,True
DRV_0235,John Mccormick,50,Surat,21.143815,72.865755,Car,3.2,2024-10-09,True
DRV_0236,Thomas Adams,42,Delhi,28.732093,77.139092,Scooter,3.0,2024-02-20,True
DRV_0237,Aaron Freeman,30,Bangalore,12.964687,77.636128,Scooter,3.8,2022-01-10,True
DRV_0238,William Bennett,41,Ahmedabad,23.07034,72.549275,Motorcycle,4.3,2020-08-14,True
DRV_0239,Sarah Roberts,47,Ahmedabad,22.993103,72.540686,Car,3.9,2021-08-07,False
DRV_0240,Elizabeth Patel,31,Bhopal,23.268824,77.373343,Motorcycle,4.1,2023-08-16,True
DRV_0241,Sarah Hall,29,Jaipur,26.91679,75.758273,Motorcycle,3.4,2023-10-20,True
DRV_0242,Krystal Pope,26,Jaipur,26.866758,75.781045,Motorcycle,4.6,2020-10-19,True
DRV_0243,Thomas Lewis,31,Hyderabad,17.373876,78.484187,Motorcycle,3.4,2020-11-01,True
DRV_0244,Jennifer Barron,39,Hyderabad,17.38597,78.492316,Motorcycle,3.5,2020-08-18,False
DRV_0245,Aaron Santana,23,Delhi,28.663967,77.151773,Bicycle,3.2,2021-02-21,True
DRV_0246,Robert Kline,46,Coimbatore,10.987597,76.996713,Motorcycle,3.7,2022-08-07,True
DRV_0247,Miss Pamela Richards,34,Chandigarh,30.715156,76.799628,Bicycle,4.3,2023-10-11,True
DRV_0248,Monica Dawson,37,Lucknow,26.833809,80.991162,Scooter,4.3,2021-01-03,True
DRV_0249,William Garcia,34,Mumbai,19.046199,72.902332,Scooter,3.0,2024-07-27,True
DRV_0250,Michele Kirk,44,Mumbai,19.037538,72.843364,Motorcycle,4.8,2023-09-21,False
DRV_0251,Eric Johnson,47,Chennai,13.108288,80.278848,Motorcycle,4.6,2021-03-31,False
DRV_0252,Nicole Smith,21,Bangalore,13.01769,77.585988,Motorcycle,3.8,2022-06-13,False
DRV_0253,Melissa Savage,36,Delhi,28.69889,77.103814,Motorcycle,3.7,2024-10-21,True
DRV_0254,Carol Tucker,20,Lucknow,26.826402,80.975395,Motorcycle,4.4,2024-09-03,True
DRV_0255,Shannon Walker,24,Chandigarh,30.688999,76.737766,Scooter,4.8,2023-05-03,True
DRV_0256,Joshua Mann,34,Jaipur,26.91477,75.779266,Scooter,4.4,2020-10-31,True
DRV_0257,Joshua Townsend,34,Mumbai,19.040983,72.83948,Motorcycle,3.4,2020-10-17,True
DRV_0258,Kenneth Sullivan,30,Surat,21.140292,72.828048,Bicycle,3.9,2022-11-24,True
DRV_0259,Donald Thomas,48,Pune,18.485261,73.893053,Motorcycle,4.0,2023-02-07,False
DRV_0260,John Gilbert Jr.,50,Bangalore,12.966038,77.592097,Motorcycle,4.5,2022-08-04,True
DRV_0261,Melody Jackson,36,Jaipur,26.909332,75.780632,Scooter,4.2,2021-08-22,True
DRV_0262,Erica Murphy,25,Hyderabad,17.340371,78.517661,Car,4.7,2023-09-26,True
DRV_0263,Timothy Wright,42,Ahmedabad,23.042707,72.553517,Motorcycle,4.0,2021-07-17,True
DRV_0264,Douglas Wolfe,34,Chandigarh,30.721915,76.740782,Motorcycle,3.3,2024-12-23,True
DRV_0265,Alex Perry,39,Delhi,28.708481,77.059639,Motorcycle,4.9,2022-12-08,True
DRV_0266,Nicholas Barker,47,Bangalore,13.016516,77.641491,Motorcycle,4.4,2021-10-05,False
DRV_0267,Linda Miller,43,Jaipur,26.914011,75.835474,Scooter,4.5,2023-12-30,True
DRV_0268,Michael Snyder,41,Surat,21.20043,72.866004,Motorcycle,4.5,2023-09-07,True
DRV_0269,Lauren Finley,36,Delhi,28.67131,77.060542,Scooter,3.0,2024-09-07,True
DRV_0270,Carol Rodriguez,50,Ahmedabad,23.023207,72.552985,Scooter,3.4,2020-09-11,True
DRV_0271,Melissa Jordan,43,Bhopal,23.226766,77.445304,Scooter,3.4,2023-06-25,True
DRV_0272,Michael Hayes,45,Pune,18.560121,73.870021,Motorcycle,3.1,2022-10-07,True
DRV_0273,Kim Blevins,45,Indore,22.670824,75.841406,Scooter,5.0,2022-02-01,True
DRV_0274,Matthew Johnson,28,Lucknow,26.842315,80.924716,Motorcycle,3.2,2022-02-11,True
DRV_0275,Mason Lee,32,Hyderabad,17.344548,78.451823,Motorcycle,4.7,2021-11-22,True
DRV_0276,Desiree Little,37,Indore,22.761233,75.842708,Motorcycle,4.7,2023-02-23,True
DRV_0277,Jeffrey Taylor PhD,44,Lucknow,26.867294,80.926522,Motorcycle,4.9,2021-10-14,True
DRV_0278,Kelly Williams,27,Chennai,13.053057,80.247948,Motorcycle,3.6,2020-11-16,True
DRV_0279,Rodney Brown,27,Bangalore,13.011623,77.547119,Scooter,4.6,2023-09-13,True
DRV_0280,William Nichols,31,Jaipur,26.878014,75.804202,Car,4.9,2024-04-05,True
DRV_0281,Alice Mooney,37,Lucknow,26.811995,80.925235,Motorcycle,4.2,2021-11-13,False
DRV_0282,Nicole Evans,27,Delhi,28.683515,77.133914,Motorcycle,4.8,2023-02-08,False
DRV_0283,Sarah Bell,39,Kolkata,22.572478,88.380776,Bicycle,4.2,2022-12-12,False
DRV_0284,Terry Guerrero,28,Jaipur,26.880532,75.773936,Motorcycle,4.0,2022-05-15,False
DRV_0285,Jason Reed,48,Pune,18.485264,73.897881,Car,4.2,2022-07-14,True
DRV_0286,Joshua Novak,27,Jaipur,26.888006,75.821859,Motorcycle,3.8,2023-11-01,True
DRV_0287,Kristen Leblanc,46,Indore,22.723769,75.816454,Car,4.1,2023-06-02,True
DRV_0288,Sarah Campbell,47,Surat,21.211128,72.799692,Scooter,4.1,2021-07-01,True
DRV_0289,Diana Gonzalez,47,Ahmedabad,23.061919,72.540186,Motorcycle,3.9,2020-07-21,True
DRV_0290,Heidi Clark,39,Lucknow,26.851073,80.972246,Motorcycle,4.2,2022-10-01,True
DRV_0291,Stephen Wallace,31,Mumbai,19.078657,72.840166,Car,4.0,2023-12-03,True
DRV_0292,Billy Pitts,28,Ahmedabad,22.995135,72.530433,Bicycle,3.4,2020-08-02,True
DRV_0293,Chase Lopez,47,Indore,22.766708,75.882251,Bicycle,3.1,2021-05-23,True
DRV_0294,Joshua Watkins,20,Lucknow,26.87028,80.949785,Motorcycle,3.9,2021-11-29,True
DRV_0295,Amber Ortega,38,Indore,22.760239,75.810595,Scooter,3.4,2022-08-15,True
DRV_0296,Melissa Page,44,Ahmedabad,22.979914,72.568,Bicycle,4.6,2022-01-21,True
DRV_0297,Dr. Todd Turner DVM,33,Lucknow,26.817658,80.945552,Scooter,3.3,2024-02-02,True
DRV_0298,Summer Taylor,37,Chennai,13.110781,80.253499,Scooter,3.4,2020-07-07,True
DRV_0299,Susan Burgess,40,Delhi,28.752148,77.052637,Motorcycle,3.3,2023-01-11,False
DRV_0300,Susan Miller,28,Bhopal,23.2918,77.445839,Motorcycle,4.6,2020-09-12,False
DRV_0301,Nancy Aguirre,33,Delhi,28.710582,77.084608,Scooter,3.5,2023-06-02,True
DRV_0302,Dr. Colleen Wiggins,37,Chandigarh,30.71443,76.816146,Motorcycle,4.8,2024-10-06,True
DRV_0303,Veronica Smith,37,Chandigarh,30.746344,76.754651,Motorcycle,4.7,2022-06-03,True
DRV_0304,Megan Lee,22,Delhi,28.743759,77.141868,Motorcycle,4.0,2024-07-20,True
DRV_0305,Samantha Hickman,35,Bhopal,23.300655,77.416694,Motorcycle,3.9,2023-11-24,False
DRV_0306,Joseph Mejia,50,Hyderabad,17.350989,78.49827,Scooter,3.0,2022-01-23,True
DRV_0307,Joseph Barker,37,Ahmedabad,22.981465,72.589522,Motorcycle,4.8,2024-01-16,True
DRV_0308,Joshua Wright,31,Bhopal,23.302018,77.410862,Motorcycle,4.2,2024-08-18,True
DRV_0309,Richard Cohen,21,Kolkata,22.605363,88.329733,Scooter,3.4,2022-02-25,True
DRV_0310,Alison Miller,31,Jaipur,26.890977,75.770696,Motorcycle,4.9,2022-11-11,True
DRV_0311,Amanda Michael,31,Kolkata,22.543054,88.333102,Motorcycle,4.3,2021-08-20,True
DRV_0312,Gregory Austin,46,Indore,22.721409,75.833665,Car,4.2,2024-06-12,True
DRV_0313,Deborah Branch,43,Ahmedabad,23.013695,72.612401,Scooter,3.5,2022-03-23,True
DRV_0314,Matthew Robinson,36,Chennai,13.086458,80.290915,Scooter,4.5,2023-06-03,True
DRV_0315,Samantha Oconnell,22,Bangalore,12.990284,77.593635,Motorcycle,4.4,2021-11-11,False
DRV_0316,Andrea Dickson,40,Ahmedabad,23.054564,72.610296,Motorcycle,3.1,2022-10-19,True
DRV_0317,Michael Hayes,50,Delhi,28.729869,77.13338,Motorcycle,3.0,2023-08-29,True
DRV_0318,Dr. Brian Vargas,31,Bhopal,23.25529,77.458198,Motorcycle,4.7,2024-09-23,True
DRV_0319,Stephen Jones,41,Delhi,28.721197,77.140498,Scooter,4.1,2021-06-25,True
DRV_0320,Stephen Blake,44,Lucknow,26.876879,80.935868,Scooter,4.2,2021-12-30,False
DRV_0321,Jacqueline Pierce,37,Mumbai,19.12358,72.86027,Bicycle,3.3,2022-10-25,True
DRV_0322,Jeffrey Frost,29,Surat,21.19578,72.84191,Motorcycle,4.8,2021-07-11,True
DRV_0323,Zachary Irwin,21,Bhopal,23.290296,77.413624,Motorcycle,3.1,2020-10-12,True
DRV_0324,Brianna Wood,35,Ahmedabad,23.003315,72.571596,Motorcycle,3.7,2022-05-14,True
DRV_0325,Jennifer Davis,47,Bhopal,23.220726,77.367224,Car,4.3,2020-11-19,True
DRV_0326,Brandi Fitzgerald,26,Lucknow,26.825966,80.957385,Scooter,3.8,2023-10-29,True
DRV_0327,Andrew Garza,34,Ahmedabad,23.063545,72.618134,Motorcycle,5.0,2023-01-12,True
DRV_0328,Elizabeth Baker,36,Bhopal,23.231883,77.452717,Car,3.5,2022-12-18,True
DRV_0329,Christopher White,25,Indore,22.738476,75.875662,Scooter,4.2,2022-05-27,True
DRV_0330,Jason Barr,43,Kolkata,22.553143,88.357062,Scooter,4.4,2020-09-18,True
DRV_0331,Paul Huang,46,Pune,18.5573,73.827515,Motorcycle,3.7,2023-07-02,True
DRV_0332,Adam Davis,20,Hyderabad,17.37095,78.45415,Bicycle,4.2,2024-05-06,True
DRV_0333,Kenneth Cline,27,Ahmedabad,22.996349,72.604333,Scooter,3.4,2020-12-28,True
DRV_0334,Rebecca Smith,24,Bhopal,23.218326,77.369665,Motorcycle,4.9,2022-11-24,True
DRV_0335,Nicholas Campos,26,Kolkata,22.552752,88.34032,Scooter,3.9,2024-08-04,True
DRV_0336,Christina Arnold,46,Hyderabad,17.354926,78.486235,Motorcycle,3.6,2023-03-19,True
DRV_0337,Stacey Taylor,24,Kolkata,22.546457,88.369382,Bicycle,3.7,2023-05-25,True
DRV_0338,Katelyn Valenzuela,33,Kolkata,22.588355,88.369381,Car,3.4,2024-11-28,True
DRV_0339,Samuel Wright,47,Hyderabad,17.425584,78.533514,Bicycle,3.1,2024-09-11,True
DRV_0340,Jacob Mueller,34,Pune,18.562953,73.811521,Bicycle,3.9,2020-06-30,True
DRV_0341,Gary Williams,41,Bhopal,23.221621,77.429635,Car,3.1,2021-10-23,True
DRV_0342,Mr. Joseph Erickson,37,Chennai,13.054495,80.221924,Bicycle,4.9,2024-08-05,True
DRV_0343,John Logan,23,Bangalore,12.934457,77.608722,Scooter,4.2,2024-11-28,True
DRV_0344,Amanda Herrera,32,Chennai,13.065309,80.257599,Motorcycle,3.8,2023-09-17,True
DRV_0345,Kimberly Lopez,49,Chennai,13.077942,80.242832,Motorcycle,4.6,2024-08-27,True
DRV_0346,Dr. Christopher Henry,50,Indore,22.683626,75.829186,Car,3.3,2023-01-04,True
DRV_0347,Christine Hall,48,Bhopal,23.260769,77.437289,Car,3.5,2022-08-09,True
DRV_0348,Tina Cooper,28,Coimbatore,11.051491,76.912611,Scooter,4.4,2024-06-03,True
DRV_0349,Lindsey Hartman,39,Chennai,13.10874,80.240412,Bicycle,4.0,2021-01-14,True
DRV_0350,Tyler Bautista,33,Jaipur,26.95604,75.787216,Motorcycle,3.5,2024-10-05,True
DRV_0351,Hannah Olson,41,Mumbai,19.081986,72.859185,Scooter,3.2,2020-10-29,True
DRV_0352,Cynthia Cuevas,34,Chennai,13.072653,80.270018,Motorcycle,3.4,2021-02-06,True
DRV_0353,Michael Myers,31,Delhi,28.711372,77.124009,Scooter,4.0,2023-03-12,False
DRV_0354,Patricia Hayes,45,Bangalore,12.984036,77.57031,Motorcycle,5.0,2022-08-04,True
DRV_0355,Christopher Walters,47,Ahmedabad,22.989225,72.581327,Motorcycle,4.7,2021-10-11,True
DRV_0356,Angela Davis,48,Jaipur,26.900911,75.789208,Bicycle,4.8,2022-11-28,False
DRV_0357,Barbara Smith,31,Jaipur,26.9341,75.774886,Motorcycle,4.3,2024-05-11,True
DRV_0358,Barbara Newton,22,Delhi,28.713597,77.14151,Bicycle,4.4,2020-08-27,True
DRV_0359,Sandra Odonnell,50,Hyderabad,17.39323,78.452715,Motorcycle,3.4,2023-12-16,False
DRV_0360,Michele Davenport,43,Bangalore,12.986716,77.54531,Motorcycle,3.9,2022-06-23,True
DRV_0361,Nicole Hatfield,37,Chandigarh,30.746508,76.817875,Motorcycle,3.8,2024-06-02,True
DRV_0362,Jessica Jimenez,27,Hyderabad,17.406219,78.489949,Motorcycle,4.2,2020-07-28,True
DRV_0363,Jennifer Peck,49,Surat,21.177825,72.784171,Scooter,3.2,2021-04-11,True
DRV_0364,Emily Lee,44,Bhopal,23.223095,77.403788,Scooter,3.5,2021-02-27,True
DRV_0365,James Olson,37,Hyderabad,17.358197,78.523115,Motorcycle,4.2,2024-09-12,True
DRV_0366,Kelsey Waters,21,Ahmedabad,23.048059,72.530489,Motorcycle,3.1,2020-10-16,False
DRV_0367,Aaron Guerrero,25,Ahmedabad,23.024986,72.609887,Scooter,3.6,2023-09-22,False
DRV_0368,Joseph Pruitt,36,Coimbatore,11.043078,76.93687,Bicycle,4.2,2020-07-02,True
DRV_0369,Micheal Hernandez,47,Bangalore,12.98106,77.59193,Motorcycle,4.5,2022-08-30,True
DRV_0370,Susan Hamilton,47,Surat,21.159546,72.827636,Motorcycle,4.1,2020-06-09,True
DRV_0371,Frank Miranda,25,Delhi,28.746289,77.135982,Motorcycle,4.7,2021-01-18,True
DRV_0372,Andre Parker,24,Jaipur,26.930134,75.753011,Motorcycle,4.3,2020-10-14,False
DRV_0373,Jason Lucas,41,Coimbatore,11.040815,76.958253,Motorcycle,5.0,2021-03-19,True
DRV_0374,Michael Spencer,30,Coimbatore,11.034009,76.994869,Motorcycle,3.8,2020-07-25,True
DRV_0375,Justin Graham,49,Jaipur,26.941371,75.788822,Motorcycle,4.4,2022-01-13,True
DRV_0376,Justin Johnson,25,Indore,22.70788,75.867903,Motorcycle,4.2,2023-03-13,True
DRV_0377,Kimberly Buck,38,Kolkata,22.552361,88.318906,Scooter,3.1,2023-06-28,True
DRV_0378,Ian Strickland,35,Surat,21.169345,72.813097,Scooter,3.9,2023-09-06,True
DRV_0379,Carolyn Lambert,46,Indore,22.692371,75.864297,Scooter,5.0,2024-06-03,False
DRV_0380,Christopher Orr,45,Hyderabad,17.358623,78.527289,Scooter,3.4,2021-11-24,True
DRV_0381,Kayla Summers,38,Bangalore,12.985296,77.554932,Bicycle,4.8,2024-01-10,True
DRV_0382,Mrs. Kathleen Rosales,48,Chandigarh,30.783082,76.776355,Scooter,4.3,2023-11-16,True
DRV_0383,Mary Hernandez,26,Ahmedabad,23.042366,72.592908,Scooter,4.8,2024-06-08,True
DRV_0384,Heather Dunn,40,Mumbai,19.077906,72.877006,Scooter,4.6,2020-07-31,True
DRV_0385,Jennifer Carr,25,Coimbatore,11.016486,76.956591,Motorcycle,4.4,2023-07-06,True
DRV_0386,Michael Jones,31,Chandigarh,30.742092,76.735631,Scooter,5.0,2021-10-15,False
DRV_0387,John Haynes,40,Kolkata,22.538732,88.319379,Motorcycle,3.0,2020-07-26,True
DRV_0388,Sabrina Evans,44,Lucknow,26.834294,80.910372,Bicycle,3.5,2022-03-10,True
DRV_0389,John Clark,20,Indore,22.723841,75.819866,Motorcycle,4.9,2023-09-23,True
DRV_0390,Stacey Cole,34,Jaipur,26.908254,75.795502,Motorcycle,3.6,2021-07-14,True
DRV_0391,Martin Thompson,45,Bhopal,23.297374,77.405278,Motorcycle,3.7,2021-05-07,True
DRV_0392,Kathleen Schmidt,43,Bhopal,23.235517,77.398041,Car,4.2,2021-02-15,False
DRV_0393,Danielle Le,44,Kolkata,22.525308,88.410297,Motorcycle,4.0,2024-03-25,True
DRV_0394,Robert Davis,39,Surat,21.158915,72.848369,Motorcycle,4.2,2024-09-13,True
DRV_0395,Heidi Martinez,32,Chandigarh,30.734399,76.746168,Motorcycle,4.7,2020-06-24,False
DRV_0396,Heather Wilson,46,Jaipur,26.908237,75.775542,Scooter,4.3,2020-12-23,True
DRV_0397,Miss Felicia Rodriguez,35,Bhopal,23.217836,77.416649,Motorcycle,3.7,2021-02-18,False
DRV_0398,Jessica Martin,28,Pune,18.55549,73.889236,Motorcycle,3.9,2020-12-05,True
DRV_0399,Meagan Scott,33,Lucknow,26.894064,80.927581,Motorcycle,4.8,2023-02-05,False
DRV_0400,Gregory Campbell,39,Kolkata,22.606544,88.396511,Motorcycle,3.8,2021-12-16,True
DRV_0401,Taylor Hendrix,50,Kolkata,22.537003,88.39093,Motorcycle,4.5,2021-10-10,False
DRV_0402,Stephanie Smith,41,Bangalore,13.005212,77.633725,Car,4.0,2021-05-23,True
DRV_0403,Kevin Martin,26,Ahmedabad,22.987364,72.559137,Motorcycle,3.5,2023-07-06,False
DRV_0404,Debra Salinas,45,Delhi,28.728329,77.100699,Scooter,3.2,2021-04-15,True
DRV_0405,Timothy Wheeler,41,Delhi,28.663674,77.083253,Motorcycle,4.4,2024-06-24,True
DRV_0406,Trevor Cabrera,49,Chandigarh,30.755349,76.735598,Motorcycle,3.4,2023-01-01,True
DRV_0407,Dr. Teresa Fletcher,44,Lucknow,26.815609,80.944016,Motorcycle,3.0,2023-04-03,True
DRV_0408,Caroline Smith,22,Jaipur,26.898551,75.744961,Scooter,3.8,2020-08-16,True
DRV_0409,Molly Smith,42,Chennai,13.113897,80.274152,Bicycle,4.2,2023-04-17,True
DRV_0410,Bradley Peters,24,Bhopal,23.213298,77.421553,Car,4.7,2023-10-21,True
DRV_0411,Diane Montgomery,38,Kolkata,22.603471,88.318009,Motorcycle,4.8,2021-02-24,True
DRV_0412,Charles May,36,Surat,21.181021,72.85911,Motorcycle,3.9,2020-09-22,True
DRV_0413,Jennifer Phelps,24,Delhi,28.695945,77.080282,Scooter,3.4,2022-01-16,True
DRV_0414,Stephen Meadows,30,Mumbai,19.036137,72.888645,Motorcycle,3.9,2022-04-23,True
DRV_0415,Sally Allen,46,Hyderabad,17.346741,78.494573,Scooter,4.6,2024-08-03,False
DRV_0416,Nicole Davenport,20,Lucknow,26.842494,80.93335,Motorcycle,3.1,2020-11-17,True
DRV_0417,Samuel Harrison,29,Surat,21.127901,72.835913,Motorcycle,4.1,2023-10-14,True
DRV_0418,Benjamin Rogers,41,Chandigarh,30.776572,76.751984,Scooter,4.7,2023-08-28,True
DRV_0419,Jennifer Spence,25,Mumbai,19.045993,72.880555,Motorcycle,3.0,2022-02-02,True
DRV_0420,Joseph Zuniga,22,Chandigarh,30.746193,76.822833,Motorcycle,3.4,2023-10-16,True
DRV_0421,Melissa White,36,Surat,21.185386,72.85531,Car,3.5,2020-08-15,True
DRV_0422,Johnathan Brooks,35,Mumbai,19.036346,72.844511,Bicycle,5.0,2024-10-10,True
DRV_0423,Allison Flores,34,Coimbatore,11.030883,76.935112,Motorcycle,3.0,2023-12-31,True
DRV_0424,Kelly Smith,20,Coimbatore,11.023814,76.99277,Bicycle,3.8,2022-03-17,True
DRV_0425,Claudia Sims,48,Pune,18.475342,73.843969,Motorcycle,4.8,2022-05-28,True
DRV_0426,Carol Graham,20,Bangalore,12.927399,77.547874,Bicycle,3.8,2021-04-25,True
DRV_0427,Margaret Fox,21,Coimbatore,10.98526,76.981376,Motorcycle,3.8,2021-09-14,True
DRV_0428,Andrew Brown,22,Indore,22.753329,75.86006,Motorcycle,3.9,2020-06-22,True
DRV_0429,Douglas White,33,Indore,22.679197,75.900645,Motorcycle,4.1,2023-01-11,False
DRV_0430,Tanya Adkins,28,Jaipur,26.951449,75.810254,Motorcycle,4.6,2023-06-09,True
DRV_0431,Robert Diaz,44,Jaipur,26.948656,75.776024,Motorcycle,3.2,2021-07-25,True
DRV_0432,Kelly Johnson,45,Chennai,13.118092,80.319784,Motorcycle,3.9,2021-02-10,True
DRV_0433,Carla Porter,29,Mumbai,19.072538,72.919718,Scooter,3.9,2021-01-06,True
DRV_0434,Joshua Saunders,24,Chennai,13.075484,80.2924,Motorcycle,4.0,2021-04-24,False
DRV_0435,John White,33,Indore,22.755906,75.884703,Scooter,4.1,2023-06-19,True
DRV_0436,Ann Hughes,35,Chennai,13.07358,80.275779,Motorcycle,4.9,2024-10-21,True
DRV_0437,Ashley Neal DDS,29,Bhopal,23.218197,77.439367,Car,4.9,2023-09-22,True
DRV_0438,Rachel Keller,32,Ahmedabad,23.039751,72.616139,Motorcycle,4.2,2021-04-30,True
DRV_0439,James Collins,20,Lucknow,26.867259,80.933449,Scooter,4.9,2021-10-25,False
DRV_0440,Jessica Patel,28,Mumbai,19.119821,72.911919,Motorcycle,4.1,2023-03-20,True
DRV_0441,William Chambers,34,Mumbai,19.06587,72.854243,Motorcycle,4.3,2021-02-23,True
DRV_0442,Barbara Francis,32,Coimbatore,11.014723,76.96967,Scooter,3.7,2020-06-02,True
DRV_0443,Janice Proctor,27,Pune,18.539695,73.85717,Scooter,4.8,2023-10-18,True
DRV_0444,Jeffery Andersen,44,Kolkata,22.613302,88.366963,Bicycle,3.7,2023-05-10,True
DRV_0445,Jeremy Hoffman,22,Chandigarh,30.692145,76.749641,Scooter,4.2,2023-12-18,True
DRV_0446,Julie Taylor,48,Bhopal,23.241697,77.379251,Motorcycle,3.8,2020-07-07,False
DRV_0447,Lori Lee,48,Lucknow,26.84433,80.960983,Scooter,3.7,2021-12-03,False
DRV_0448,Samantha Wang,50,Indore,22.715991,75.888836,Scooter,3.1,2024-09-29,True
DRV_0449,Robin Walters,31,Kolkata,22.529632,88.350868,Motorcycle,3.4,2021-11-05,True
DRV_0450,Tammy Stout,37,Bhopal,23.2227,77.414991,Scooter,4.8,2023-09-17,True
DRV_0451,Darin Watts,47,Kolkata,22.550359,88.402699,Motorcycle,3.4,2021-07-11,True
DRV_0452,Michelle Blackburn,30,Ahmedabad,23.016249,72.595995,Motorcycle,3.7,2024-04-07,True
DRV_0453,Michael Hoffman,30,Lucknow,26.867875,80.900433,Car,3.7,2021-04-28,True
DRV_0454,Jason Jones,36,Chandigarh,30.767262,76.777355,Motorcycle,3.8,2024-02-24,True
DRV_0455,Holly Tucker,30,Ahmedabad,23.023763,72.567117,Scooter,3.3,2022-10-26,True
DRV_0456,Cory Johnston,39,Mumbai,19.097792,72.922103,Scooter,3.1,2023-12-11,False
DRV_0457,Carrie Rodriguez,26,Jaipur,26.900131,75.812532,Motorcycle,3.6,2021-06-17,False
DRV_0458,Elizabeth Vargas,31,Bhopal,23.234782,77.408647,Motorcycle,4.0,2022-08-03,True
DRV_0459,Joseph Hall,45,Coimbatore,11.002819,76.990582,Motorcycle,4.4,2022-10-30,False
DRV_0460,Steven Williams,25,Coimbatore,11.005989,76.992693,Motorcycle,3.8,2024-04-12,False
DRV_0461,Melissa Beasley,35,Bhopal,23.301224,77.372202,Scooter,3.6,2023-03-28,False
DRV_0462,Matthew Coleman,50,Ahmedabad,22.976702,72.593012,Motorcycle,3.1,2023-04-21,True
DRV_0463,Tony Villa,45,Pune,18.480625,73.857359,Bicycle,4.6,2021-10-22,False
DRV_0464,Marilyn Zamora,38,Jaipur,26.87496,75.816095,Motorcycle,4.0,2020-06-14,False
DRV_0465,Monica King,22,Surat,21.13113,72.800044,Scooter,3.1,2020-11-01,False
DRV_0466,Gabriel Johnson,42,Bhopal,23.278068,77.384478,Scooter,4.2,2024-11-07,False
DRV_0467,Robert Patton,36,Mumbai,19.031939,72.867619,Bicycle,4.3,2020-09-13,True
DRV_0468,Stephen Bowman,42,Kolkata,22.614277,88.319876,Motorcycle,4.6,2024-07-18,True
DRV_0469,Raymond Kirk,29,Pune,18.488551,73.878285,Motorcycle,4.4,2023-04-08,True
DRV_0470,Scott Jones,31,Indore,22.733625,75.893512,Motorcycle,3.7,2024-12-26,True
DRV_0471,Deanna Jackson,32,Bhopal,23.214974,77.413791,Motorcycle,3.2,2021-07-25,True
DRV_0472,David Salazar,27,Delhi,28.686184,77.126716,Scooter,4.3,2022-05-25,True
DRV_0473,Marcus Anderson,33,Indore,22.741712,75.812442,Scooter,4.5,2024-06-21,True
DRV_0474,Christopher Avila,46,Bangalore,12.956271,77.595593,Scooter,4.2,2020-06-14,True
DRV_0475,Kristie Gibson,45,Ahmedabad,23.004804,72.541683,Motorcycle,3.7,2022-08-04,True
DRV_0476,Roy Martinez,24,Jaipur,26.890506,75.762245,Motorcycle,3.6,2023-07-14,True
DRV_0477,Jason Hardy,22,Indore,22.699519,75.858813,Motorcycle,4.1,2021-09-02,True
DRV_0478,Carlos Johnson,36,Coimbatore,11.00125,77.000091,Motorcycle,4.9,2020-07-14,True
DRV_0479,William Brewer,40,Coimbatore,10.976286,76.939997,Motorcycle,3.2,2024-09-27,True
DRV_0480,Kimberly Jones,45,Lucknow,26.817808,80.967628,Motorcycle,3.8,2022-10-23,True
DRV_0481,David Wood,25,Mumbai,19.098207,72.919826,Motorcycle,4.7,2024-07-29,False
DRV_0482,Andrew Thomas,30,Pune,18.562825,73.859855,Car,4.3,2021-08-01,False
DRV_0483,Susan Thornton,48,Jaipur,26.931597,75.805698,Motorcycle,3.2,2024-07-17,True
DRV_0484,Lisa Dunlap,30,Chandigarh,30.696053,76.752253,Bicycle,3.4,2022-11-23,True
DRV_0485,Belinda Summers,36,Hyderabad,17.432236,78.525792,Motorcycle,3.7,2024-03-31,True
DRV_0486,Christopher Patrick,22,Delhi,28.69684,77.078739,Motorcycle,4.7,2024-09-08,True
DRV_0487,Thomas Bolton,32,Bangalore,12.94493,77.60391,Bicycle,3.3,2024-06-13,True
DRV_0488,Christopher Craig,36,Bhopal,23.243869,77.396447,Motorcycle,3.3,2020-08-05,True
DRV_0489,Amy Ballard,22,Delhi,28.733124,77.101835,Scooter,4.7,2021-08-05,True
DRV_0490,Jay Berger,39,Bangalore,12.936571,77.588623,Motorcycle,4.1,2022-01-02,True
DRV_0491,Jeffery Boyd,35,Indore,22.701412,75.869897,Motorcycle,3.6,2020-10-19,True
DRV_0492,Robert Campbell,24,Delhi,28.729234,77.142263,Motorcycle,3.4,2022-01-29,True
DRV_0493,Angela Howard,33,Kolkata,22.589549,88.413687,Scooter,3.9,2023-12-28,True
DRV_0494,Christopher Wilson,26,Coimbatore,11.012442,76.916456,Bicycle,4.8,2022-10-22,False
DRV_0495,Nathan Larsen,36,Ahmedabad,23.000464,72.531758,Scooter,4.8,2021-11-14,True
DRV_0496,Mrs. Lori Stephens PhD,39,Surat,21.153787,72.86824,Motorcycle,3.4,2021-06-18,False
DRV_0497,Jennifer Cohen,22,Kolkata,22.582703,88.336929,Motorcycle,4.7,2024-02-09,True
DRV_0498,Alexa Nguyen,46,Mumbai,19.109006,72.873091,Scooter,3.3,2022-09-20,True
DRV_0499,Jessica Mendez,28,Pune,18.527411,73.894405,Motorcycle,4.9,2024-07-04,True
DRV_0500,Robin Anderson,27,Ahmedabad,23.036184,72.6026,Motorcycle,4.7,2022-11-24,False
DRV_0501,Daniel Gardner,22,Kolkata,22.612792,88.36623,Scooter,4.2,2022-03-07,True
DRV_0502,Kerry Fitzpatrick,39,Indore,22.714452,75.850711,Motorcycle,4.3,2021-09-27,True
DRV_0503,Stephen Mccormick,37,Delhi,28.693144,77.124969,Motorcycle,3.2,2021-06-06,True
DRV_0504,Timothy Jackson,47,Ahmedabad,22.989639,72.53093,Motorcycle,3.9,2021-08-15,True
DRV_0505,Kristin Middleton,42,Mumbai,19.026174,72.887116,Scooter,3.1,2024-01-25,False
DRV_0506,Whitney Anderson,26,Lucknow,26.862511,80.917058,Motorcycle,3.5,2021-11-22,False
DRV_0507,Sandra Salazar,36,Surat,21.215054,72.868536,Motorcycle,4.5,2023-10-29,True
DRV_0508,Jonathan Collier,28,Indore,22.683887,75.898676,Motorcycle,4.8,2023-03-30,True
DRV_0509,Amanda Smith,39,Coimbatore,11.004562,76.952171,Bicycle,4.8,2024-09-09,True
DRV_0510,Cathy Holt,20,Jaipur,26.960729,75.825089,Bicycle,4.6,2021-11-06,True
DRV_0511,Karen Walters,34,Hyderabad,17.409315,78.498125,Motorcycle,4.6,2024-11-26,True
DRV_0512,Ryan Jackson,50,Kolkata,22.597095,88.354454,Motorcycle,4.7,2020-07-09,True
DRV_0513,Joseph Taylor,36,Bhopal,23.251972,77.416028,Scooter,3.7,2023-08-03,False
DRV_0514,Meagan Wright,24,Bhopal,23.272389,77.419628,Bicycle,4.2,2024-02-06,True
DRV_0515,Jason Palmer,22,Bangalore,12.987678,77.573816,Scooter,4.5,2022-03-17,True
DRV_0516,Nicole Harmon,39,Bangalore,12.993521,77.596459,Car,4.6,2020-06-27,True
DRV_0517,Christopher Moyer,40,Lucknow,26.823803,80.904652,Scooter,4.9,2023-06-04,True
DRV_0518,Karen Johnson,25,Ahmedabad,22.972666,72.535907,Motorcycle,3.3,2024-01-04,True
DRV_0519,Shannon Green,35,Chandigarh,30.71225,76.7563,Scooter,4.7,2020-07-16,True
DRV_0520,Erik Harding,38,Surat,21.20695,72.807616,Motorcycle,3.3,2023-03-18,True
DRV_0521,Tamara Henderson,37,Indore,22.766212,75.842338,Motorcycle,4.6,2021-04-14,True
DRV_0522,Matthew Moore,25,Chennai,13.048969,80.244138,Bicycle,4.7,2021-08-06,True
DRV_0523,Anna Wilson,37,Ahmedabad,23.023286,72.619707,Bicycle,4.5,2024-10-29,True
DRV_0524,Jennifer Reynolds,28,Mumbai,19.047167,72.919156,Motorcycle,3.6,2024-12-21,True
DRV_0525,Robert Alvarez,37,Coimbatore,10.983831,76.961069,Motorcycle,4.1,2021-01-12,True
DRV_0526,Karen Estrada,31,Chennai,13.081763,80.292484,Scooter,3.3,2022-07-14,True
DRV_0527,Miranda Williams,38,Bhopal,23.283022,77.364874,Scooter,4.7,2023-01-03,True
DRV_0528,Richard Avila,26,Delhi,28.701622,77.114384,Scooter,4.1,2020-06-24,True
DRV_0529,Christopher Welch,35,Surat,21.13424,72.801551,Motorcycle,4.5,2024-06-17,True
DRV_0530,Gabriel Martinez,26,Indore,22.681742,75.868538,Scooter,4.6,2023-12-25,True
DRV_0531,Dan Hickman,27,Ahmedabad,23.062206,72.54591,Scooter,4.4,2021-02-13,True
DRV_0532,John Gordon,22,Bhopal,23.265566,77.367115,Scooter,4.5,2024-03-13,True
DRV_0533,Tara Miller,35,Jaipur,26.945837,75.749695,Motorcycle,5.0,2022-06-10,True
DRV_0534,Joshua Hall,25,Indore,22.673015,75.874483,Motorcycle,4.5,2024-06-29,True
DRV_0535,Sheri Ramirez,25,Indore,22.682694,75.8474,Scooter,4.0,2021-02-27,True
DRV_0536,Vanessa Carr,49,Coimbatore,10.993067,76.933342,Scooter,4.8,2021-10-13,True
DRV_0537,Felicia Berry,32,Jaipur,26.888545,75.755166,Motorcycle,4.0,2022-08-13,True
DRV_0538,Joshua Porter,43,Chandigarh,30.698052,76.753432,Scooter,4.8,2022-06-19,True
DRV_0539,Samuel Mcdonald,32,Coimbatore,11.006196,76.947536,Motorcycle,3.2,2024-07-04,True
DRV_0540,Meredith Brown,23,Jaipur,26.920054,75.833596,Scooter,4.1,2022-01-15,True
DRV_0541,Brian Taylor,35,Indore,22.70717,75.875623,Motorcycle,3.5,2023-01-15,True
DRV_0542,Deborah Pittman,24,Bhopal,23.251569,77.415953,Motorcycle,4.6,2022-07-17,True
DRV_0543,Nina Bender,27,Bhopal,23.258819,77.46203,Scooter,4.9,2024-12-06,True
DRV_0544,Brian Ortega,41,Indore,22.768837,75.903716,Motorcycle,4.4,2024-12-03,False
DRV_0545,Brandon Cabrera,32,Lucknow,26.877597,80.945332,Motorcycle,4.8,2022-08-25,True
DRV_0546,Joseph Martin,49,Bangalore,13.0047,77.603704,Motorcycle,3.4,2021-03-05,False
DRV_0547,Ashley Patel,36,Lucknow,26.848445,80.982656,Motorcycle,4.0,2020-06-04,True
DRV_0548,Joseph Brown,31,Chennai,13.101243,80.222706,Motorcycle,4.6,2022-05-04,True
DRV_0549,Kristen Lewis,32,Surat,21.144587,72.873539,Motorcycle,4.7,2023-07-13,True
DRV_0550,Steven Porter,46,Indore,22.750136,75.906293,Motorcycle,4.8,2022-01-18,False
DRV_0551,David Jones,21,Chandigarh,30.686733,76.812854,Motorcycle,3.7,2021-01-20,True
DRV_0552,Isaac Bryant,40,Bangalore,12.955108,77.614573,Motorcycle,3.4,2022-09-27,False
DRV_0553,George Lee,36,Bangalore,12.964445,77.59941,Motorcycle,3.7,2023-03-12,True
DRV_0554,Maria Cox,29,Chandigarh,30.768841,76.806458,Bicycle,3.4,2022-09-21,True
DRV_0555,Aaron Scott,33,Pune,18.497887,73.815052,Motorcycle,3.6,2024-06-17,False
DRV_0556,Diana Taylor,37,Delhi,28.661654,77.120387,Motorcycle,5.0,2023-07-25,True
DRV_0557,Carrie Landry,30,Delhi,28.720283,77.083236,Scooter,4.3,2022-10-03,True
DRV_0558,Louis Hatfield,48,Chandigarh,30.713654,76.789589,Car,4.8,2022-06-15,False
DRV_0559,Mary Snyder,26,Lucknow,26.885889,80.934101,Motorcycle,4.9,2022-06-01,True
DRV_0560,Cynthia Schmidt,41,Chandigarh,30.758651,76.777179,Motorcycle,4.4,2024-05-11,True
DRV_0561,Erik Munoz,43,Indore,22.71934,75.876953,Motorcycle,4.6,2023-05-31,True
DRV_0562,Morgan Wiley,24,Pune,18.492705,73.87483,Motorcycle,4.6,2022-09-27,False
DRV_0563,Jason Alvarez,21,Indore,22.756473,75.813591,Bicycle,4.4,2021-12-05,False
DRV_0564,Lauren Jimenez,49,Chandigarh,30.77364,76.747345,Bicycle,3.9,2022-02-18,False
DRV_0565,Michael Green,39,Pune,18.502875,73.85039,Motorcycle,4.8,2023-09-21,True
DRV_0566,Mark Jones,39,Surat,21.139106,72.840256,Bicycle,3.8,2023-12-21,True
DRV_0567,Stephen Zimmerman,43,Chandigarh,30.724527,76.770465,Motorcycle,3.1,2023-03-01,True
DRV_0568,Heather Clark,31,Bhopal,23.23145,77.397822,Motorcycle,4.2,2023-03-10,True
DRV_0569,Catherine Evans,20,Coimbatore,11.014264,76.971979,Motorcycle,3.3,2022-06-29,True
DRV_0570,Sylvia Franklin,45,Delhi,28.704699,77.140954,Motorcycle,4.8,2020-09-25,True
DRV_0571,Andrew Robles,42,Ahmedabad,23.044377,72.580477,Bicycle,4.2,2021-12-27,True
DRV_0572,Michael Smith,22,Coimbatore,10.990684,76.914097,Scooter,4.6,2020-08-24,False
DRV_0573,Jamie Parker,35,Coimbatore,10.999215,76.996984,Motorcycle,3.3,2023-10-24,True
DRV_0574,Robert Banks,29,Bangalore,13.019495,77.64459,Scooter,4.0,2022-08-10,True
DRV_0575,Tiffany Mccarthy,30,Jaipur,26.91532,75.804952,Scooter,3.9,2021-12-12,True
DRV_0576,Victoria Price,30,Pune,18.537614,73.872777,Motorcycle,3.3,2021-10-09,True
DRV_0577,Mrs. Joy Reeves MD,31,Pune,18.49008,73.847814,Bicycle,3.7,2024-07-04,True
DRV_0578,Susan Miller,44,Chennai,13.131742,80.245171,Motorcycle,3.1,2022-10-28,True
DRV_0579,John Bullock,41,Kolkata,22.544535,88.377852,Motorcycle,3.5,2021-05-15,True
DRV_0580,Richard Pittman,42,Coimbatore,11.024582,76.980525,Car,4.5,2022-01-08,False
DRV_0581,Bryan Cohen,29,Mumbai,19.085174,72.82884,Car,4.3,2022-01-10,True
DRV_0582,Daniel Stone,45,Surat,21.182408,72.781443,Motorcycle,4.5,2020-08-19,True
DRV_0583,Claudia Mitchell,33,Chandigarh,30.691967,76.731664,Motorcycle,3.4,2022-12-23,True
DRV_0584,Crystal Spencer,42,Bhopal,23.216462,77.408187,Motorcycle,4.9,2023-12-28,True
DRV_0585,Chelsey Rangel,30,Bhopal,23.254208,77.396828,Bicycle,3.8,2020-08-03,True
DRV_0586,Theodore Hamilton,48,Hyderabad,17.43176,78.454184,Motorcycle,4.5,2023-05-04,True
DRV_0587,Emma Pierce,30,Indore,22.752487,75.857884,Bicycle,3.1,2022-10-23,True
DRV_0588,Casey Brown,20,Surat,21.134195,72.804176,Bicycle,3.7,2021-06-27,True
DRV_0589,Cynthia Perkins,24,Coimbatore,11.035296,76.961592,Motorcycle,3.2,2024-05-25,True
DRV_0590,Wendy Morgan,30,Kolkata,22.532976,88.374568,Car,3.1,2021-01-05,True
DRV_0591,Todd Spencer,39,Indore,22.756505,75.856668,Motorcycle,3.9,2023-07-05,True
DRV_0592,Alexis Vasquez,27,Ahmedabad,23.007415,72.538735,Bicycle,3.9,2022-12-01,True
DRV_0593,Kyle Torres,23,Indore,22.672707,75.868815,Motorcycle,3.1,2021-05-04,False
DRV_0594,Jacqueline Wright,42,Chandigarh,30.71203,76.731605,Motorcycle,3.0,2022-01-31,True
DRV_0595,Craig Murillo,34,Pune,18.557928,73.826862,Motorcycle,3.9,2021-01-11,True
DRV_0596,Ronald Kelly,38,Surat,21.139391,72.851519,Scooter,4.9,2020-11-12,True
DRV_0597,Tracy Wolfe,29,Pune,18.472587,73.832272,Scooter,4.8,2022-05-01,True
DRV_0598,Randy Evans,39,Ahmedabad,23.039624,72.56737,Scooter,4.4,2022-07-30,True
DRV_0599,Austin Sanford,47,Delhi,28.738983,77.075837,Scooter,4.8,2024-07-21,True
DRV_0600,Grant Powers,24,Pune,18.497866,73.806709,Scooter,3.5,2024-04-12,True
DRV_0601,Debra Garcia,23,Jaipur,26.911773,75.788661,Motorcycle,4.8,2023-06-28,True
DRV_0602,Derrick Escobar,28,Chennai,13.082086,80.314948,Car,3.1,2022-06-20,True
DRV_0603,Jonathan Key,39,Chennai,13.053485,80.221956,Motorcycle,5.0,2023-05-01,True
DRV_0604,Kenneth Garcia,49,Chandigarh,30.721655,76.770624,Car,4.6,2021-01-28,False
DRV_0605,Paula Ramirez,20,Surat,21.172749,72.861459,Bicycle,3.4,2023-03-18,False
DRV_0606,Jeffrey Stanley,21,Delhi,28.689658,77.141322,Scooter,4.8,2023-07-03,True
DRV_0607,Mr. Kelly Nelson,24,Mumbai,19.12272,72.831622,Motorcycle,3.2,2024-07-17,True
DRV_0608,Anthony Hines,39,Delhi,28.681917,77.093821,Motorcycle,4.6,2020-12-22,True
DRV_0609,Madison Reid,35,Hyderabad,17.408822,78.495707,Scooter,4.4,2022-02-15,True
DRV_0610,Kathy Brown,35,Bhopal,23.248652,77.450617,Motorcycle,3.2,2020-10-13,True
DRV_0611,Wendy Holloway,46,Surat,21.157688,72.804438,Motorcycle,4.5,2020-11-26,True
DRV_0612,Nicholas Sanchez,47,Chennai,13.066044,80.246901,Bicycle,3.1,2024-09-13,True
DRV_0613,Terry Brown,28,Hyderabad,17.413107,78.519095,Motorcycle,4.6,2020-06-02,True
DRV_0614,Jordan Craig,41,Surat,21.129459,72.825861,Motorcycle,3.5,2024-02-19,True
DRV_0615,Anne Barrera,42,Kolkata,22.620669,88.3376,Scooter,4.9,2023-12-05,True
DRV_0616,Katie Nelson,49,Hyderabad,17.415043,78.467152,Motorcycle,4.0,2021-07-13,True
DRV_0617,Tiffany Craig,21,Indore,22.697725,75.86959,Car,4.1,2024-10-02,False
DRV_0618,Jordan Thomas,38,Coimbatore,11.031343,76.92399,Scooter,5.0,2022-06-18,True
DRV_0619,Megan Poole,24,Hyderabad,17.39135,78.491073,Motorcycle,4.6,2023-04-30,True
DRV_0620,Linda Mckenzie,32,Pune,18.530613,73.888954,Scooter,3.2,2020-11-11,True
DRV_0621,William Wood,50,Delhi,28.697788,77.085006,Motorcycle,4.7,2021-08-23,True
DRV_0622,Bobby Gonzales,28,Ahmedabad,23.012308,72.607943,Scooter,4.8,2020-07-11,True
DRV_0623,Nathan Maldonado,34,Pune,18.556724,73.853072,Motorcycle,4.7,2023-07-01,True
DRV_0624,Cindy White,26,Coimbatore,10.99362,76.991269,Motorcycle,4.2,2021-04-06,False
DRV_0625,Brandon Nelson,28,Bangalore,12.983925,77.550384,Scooter,3.6,2023-04-07,True
DRV_0626,Robert Thomas,21,Bhopal,23.227182,77.453139,Bicycle,3.9,2024-09-02,True
DRV_0627,Melissa Brooks,50,Pune,18.49398,73.851717,Motorcycle,4.9,2022-11-06,True
DRV_0628,Courtney Porter,31,Hyderabad,17.414822,78.491135,Motorcycle,4.0,2024-08-03,False
DRV_0629,Brooke Brewer,20,Indore,22.752177,75.807773,Car,3.6,2021-03-23,True
DRV_0630,Stacey Hunt,23,Chennai,13.048139,80.273096,Motorcycle,4.1,2023-01-23,True
DRV_0631,Donna Hall,48,Kolkata,22.56944,88.391631,Bicycle,4.2,2024-10-07,True
DRV_0632,Christina Parsons,41,Bhopal,23.223457,77.38729,Scooter,3.7,2021-08-05,True
DRV_0633,Robert Rodriguez,50,Kolkata,22.573303,88.386706,Scooter,3.1,2021-03-09,True
DRV_0634,Brian Chambers,41,Indore,22.685638,75.838781,Motorcycle,5.0,2022-12-19,True
DRV_0635,Jason Lane,24,Bangalore,12.931814,77.605584,Car,4.5,2024-12-14,True
DRV_0636,Juan Herrera,37,Lucknow,26.879227,80.947776,Motorcycle,3.3,2023-10-19,True
DRV_0637,Tina Hart,34,Coimbatore,11.021344,76.943753,Motorcycle,4.5,2023-06-15,False
DRV_0638,Angela Frederick,27,Mumbai,19.04275,72.90997,Motorcycle,3.5,2022-08-15,True
DRV_0639,Cody Arellano,47,Kolkata,22.556943,88.375236,Bicycle,3.1,2024-10-18,True
DRV_0640,Robert Lee,48,Coimbatore,11.016778,76.923627,Scooter,4.9,2020-08-16,True
DRV_0641,Mr. Lee Flores MD,21,Kolkata,22.616026,88.330988,Bicycle,3.4,2022-05-18,False
DRV_0642,Andrew Petty,36,Delhi,28.657547,77.111413,Motorcycle,4.7,2023-12-17,True
DRV_0643,James Vasquez DDS,48,Lucknow,26.887331,80.967787,Motorcycle,4.2,2022-01-11,True
DRV_0644,Brandon Daugherty,24,Bhopal,23.293238,77.434054,Scooter,3.3,2023-11-08,True
DRV_0645,Douglas Collier,32,Indore,22.682279,75.879569,Motorcycle,5.0,2021-09-03,False
DRV_0646,Jennifer Graham,32,Surat,21.203495,72.861997,Motorcycle,4.9,2020-11-14,True
DRV_0647,Maria Cooper,48,Indore,22.75336,75.900779,Car,3.5,2024-12-30,True
DRV_0648,Anna Roberts,32,Jaipur,26.887059,75.767925,Scooter,4.0,2020-10-08,True
DRV_0649,Timothy Weaver,32,Bangalore,12.988785,77.570499,Motorcycle,3.6,2023-03-28,True
DRV_0650,Kelly Thompson DVM,22,Mumbai,19.056707,72.846899,Motorcycle,3.8,2024-09-14,True
DRV_0651,Kimberly Contreras MD,46,Pune,18.500806,73.848801,Car,4.6,2020-12-16,True
DRV_0652,Sandra Bright,29,Ahmedabad,23.035224,72.549504,Motorcycle,4.3,2023-06-17,True
DRV_0653,John Sexton,26,Surat,21.142947,72.850611,Scooter,4.9,2020-06-06,True
DRV_0654,Melinda Munoz,26,Lucknow,26.842393,80.920939,Motorcycle,3.0,2021-03-05,True
DRV_0655,Daniel Murphy,49,Pune,18.477641,73.824346,Scooter,5.0,2022-04-15,True
DRV_0656,Tiffany Jones,32,Delhi,28.711259,77.098396,Scooter,3.9,2021-05-15,True
DRV_0657,Melanie Kaufman,24,Ahmedabad,22.977121,72.57593,Motorcycle,3.3,2020-12-03,True
DRV_0658,Ralph Jones,22,Hyderabad,17.371651,78.474499,Scooter,3.6,2024-08-31,True
DRV_0659,Ryan Robbins,24,Indore,22.723968,75.820896,Motorcycle,3.2,2024-01-10,True
DRV_0660,Drew Kelly,30,Chennai,13.12839,80.30112,Motorcycle,4.6,2024-04-30,False
DRV_0661,Dr. Adrienne Allen,44,Bangalore,12.958306,77.595139,Motorcycle,4.3,2024-10-13,True
DRV_0662,Lacey Hale,47,Ahmedabad,23.041852,72.591687,Scooter,3.0,2020-09-02,False
DRV_0663,Janet Dodson,49,Bhopal,23.254548,77.392417,Bicycle,4.3,2022-12-19,True
DRV_0664,Jennifer Vincent,23,Surat,21.201949,72.796094,Scooter,4.2,2020-09-18,True
DRV_0665,Caitlin Henderson,37,Chandigarh,30.690124,76.75462,Motorcycle,3.3,2021-03-16,True
DRV_0666,Scott Cameron,26,Mumbai,19.061753,72.847698,Motorcycle,3.3,2020-09-28,True
DRV_0667,Jamie Henderson,26,Hyderabad,17.432049,78.470967,Motorcycle,4.6,2024-03-27,True
DRV_0668,Jack Woods,41,Pune,18.511695,73.876324,Bicycle,3.1,2021-08-14,False
DRV_0669,Gina Brown,28,Delhi,28.670197,77.081828,Car,4.2,2021-03-19,True
DRV_0670,Jennifer Nichols,43,Hyderabad,17.383725,78.508112,Scooter,3.4,2020-09-02,True
DRV_0671,Julie Rodgers,44,Chandigarh,30.76193,76.742566,Bicycle,4.0,2022-03-03,True
DRV_0672,Larry Reese,37,Indore,22.703583,75.90031,Motorcycle,3.1,2020-08-20,True
DRV_0673,Christopher Smith,50,Kolkata,22.595811,88.392625,Motorcycle,3.4,2022-09-20,True
DRV_0674,Marie Fletcher,49,Kolkata,22.620587,88.340296,Scooter,3.2,2022-03-22,True
DRV_0675,Justin Campos,47,Chennai,13.120777,80.23809,Car,4.8,2021-09-12,True
DRV_0676,William Franklin,29,Jaipur,26.918161,75.79394,Motorcycle,3.7,2023-11-19,True
DRV_0677,Susan Gonzalez,29,Indore,22.752411,75.830431,Motorcycle,4.5,2024-02-04,True
DRV_0678,Allison Quinn,25,Ahmedabad,23.053448,72.535335,Motorcycle,4.2,2022-01-02,False
DRV_0679,Timothy Jones,29,Indore,22.683338,75.822062,Scooter,3.5,2024-04-11,True
DRV_0680,Heather Rivera,44,Ahmedabad,22.988669,72.537205,Motorcycle,5.0,2022-11-21,True
DRV_0681,Catherine Barton,34,Bhopal,23.243849,77.377853,Scooter,3.3,2024-09-27,True
DRV_0682,Timothy Johnson,40,Chandigarh,30.765429,76.82453,Scooter,3.3,2024-06-19,True
DRV_0683,Brett Anderson,43,Lucknow,26.838745,80.928758,Scooter,4.0,2024-01-03,True
DRV_0684,Steven Garcia,30,Hyderabad,17.425973,78.452995,Scooter,3.4,2020-12-22,True
DRV_0685,Lindsey Dyer,43,Delhi,28.748241,77.11108,Motorcycle,3.8,2021-05-19,True
DRV_0686,Todd Garcia,33,Chennai,13.094556,80.277405,Car,4.8,2024-04-19,True
DRV_0687,David Davis,46,Ahmedabad,23.070452,72.534749,Motorcycle,4.4,2021-12-30,True
DRV_0688,Elizabeth Patrick,29,Jaipur,26.875613,75.737799,Motorcycle,3.5,2024-08-07,False
DRV_0689,Jonathan Welch,29,Indore,22.683304,75.878059,Scooter,3.2,2021-10-16,False
DRV_0690,Anthony Raymond,29,Bangalore,13.008277,77.547175,Car,4.8,2023-04-25,True
DRV_0691,Victor Campos,24,Surat,21.206795,72.878548,Scooter,4.7,2022-04-27,True
DRV_0692,Anthony Barnes,29,Mumbai,19.118072,72.887123,Motorcycle,3.2,2024-06-05,False
DRV_0693,Mrs. Autumn Calderon,21,Kolkata,22.599155,88.343382,Car,4.0,2023-11-09,True
DRV_0694,Kimberly Salazar,28,Hyderabad,17.373655,78.50212,Motorcycle,4.0,2022-09-08,True
DRV_0695,Yvonne Fuller,36,Chennai,13.124773,80.238067,Motorcycle,3.6,2024-04-12,True
DRV_0696,Jessica Gregory,28,Lucknow,26.813567,80.989292,Scooter,4.8,2023-05-03,True
DRV_0697,Jennifer Smith,23,Hyderabad,17.370974,78.494292,Bicycle,4.7,2024-04-30,False
DRV_0698,Pamela Mendoza,31,Pune,18.492447,73.906605,Bicycle,3.9,2020-08-07,False
DRV_0699,Eric Yang,25,Bhopal,23.264539,77.42461,Motorcycle,3.9,2024-06-25,True
DRV_0700,Michelle Valenzuela,31,Chennai,13.042211,80.226767,Scooter,3.6,2021-02-08,True
DRV_0701,Ariana Richardson,44,Pune,18.497314,73.901668,Bicycle,3.6,2023-07-22,True
DRV_0702,John Khan,42,Bangalore,12.952416,77.627761,Scooter,4.4,2022-01-09,False
DRV_0703,Jonathan Garner,39,Surat,21.196558,72.872996,Bicycle,3.8,2021-12-20,False
DRV_0704,Miguel Munoz,47,Kolkata,22.557913,88.383428,Motorcycle,4.1,2020-06-08,True
DRV_0705,Edward Wong,20,Lucknow,26.857934,80.905848,Motorcycle,3.2,2020-08-16,False
DRV_0706,Shawna Taylor,26,Kolkata,22.555612,88.314818,Motorcycle,3.9,2024-06-03,False
DRV_0707,Eric Gonzales,29,Bangalore,12.995691,77.563555,Motorcycle,4.3,2023-11-19,True
DRV_0708,Monica Osborn,46,Chennai,13.080199,80.231905,Motorcycle,3.7,2022-08-19,False
DRV_0709,Jessica Brown,37,Surat,21.200395,72.823032,Bicycle,3.9,2020-06-29,True
DRV_0710,Madeline Martinez,35,Coimbatore,11.061175,76.931657,Scooter,3.7,2024-05-14,False
DRV_0711,Robert Smith,27,Ahmedabad,23.057474,72.576394,Bicycle,4.8,2020-11-02,True
DRV_0712,Thomas Cole,37,Mumbai,19.042746,72.830296,Bicycle,3.6,2020-09-25,True
DRV_0713,Kyle Evans,39,Bangalore,12.938743,77.570829,Scooter,3.2,2022-03-13,False
DRV_0714,David Hernandez,47,Bangalore,12.947451,77.556235,Motorcycle,3.8,2024-04-22,True
DRV_0715,Megan Rogers,37,Bhopal,23.306664,77.443595,Car,4.4,2023-05-13,True
DRV_0716,James Thomas,25,Bhopal,23.252365,77.398155,Scooter,3.8,2022-12-04,True
DRV_0717,Brett Sanchez,42,Chennai,13.123925,80.279952,Motorcycle,3.3,2021-01-03,True
DRV_0718,Megan Davis,23,Chennai,13.079171,80.223558,Motorcycle,4.9,2023-04-06,True
DRV_0719,Frances Rivera,37,Mumbai,19.051831,72.902577,Motorcycle,4.0,2022-10-21,True
DRV_0720,Susan Davis,47,Indore,22.737556,75.877969,Scooter,3.5,2023-06-29,True
DRV_0721,Dominique Bradley,49,Hyderabad,17.423002,78.498753,Scooter,4.5,2022-06-14,True
DRV_0722,Chris Williams,37,Pune,18.50132,73.89934,Motorcycle,4.0,2021-04-27,True
DRV_0723,Joseph Stone,23,Ahmedabad,23.052257,72.58072,Motorcycle,4.1,2021-09-18,True
DRV_0724,Randy Heath,21,Hyderabad,17.360979,78.521097,Car,5.0,2024-04-09,True
DRV_0725,Amanda Taylor,23,Bhopal,23.266772,77.395341,Motorcycle,4.9,2021-01-28,True
DRV_0726,Melissa Villanueva,24,Kolkata,22.564036,88.341056,Motorcycle,4.8,2024-09-16,True
DRV_0727,Kathy Merritt,41,Coimbatore,11.049199,76.936372,Car,4.5,2021-01-19,True
DRV_0728,Brian Trevino,24,Ahmedabad,23.053694,72.529101,Scooter,4.0,2022-02-14,True
DRV_0729,Anthony Adams,42,Pune,18.473585,73.818438,Scooter,3.3,2022-08-27,False
DRV_0730,Joshua Day,48,Mumbai,19.04274,72.898263,Motorcycle,3.4,2021-04-22,True
DRV_0731,Jacqueline Jones,28,Hyderabad,17.375723,78.454291,Motorcycle,4.8,2023-10-13,True
DRV_0732,William Woods,40,Lucknow,26.894078,80.903933,Motorcycle,4.4,2022-06-18,False
DRV_0733,Alexis Hamilton,35,Ahmedabad,23.059598,72.616194,Car,3.3,2024-11-07,True
DRV_0734,Susan Schneider,38,Bhopal,23.22939,77.41436,Bicycle,4.0,2020-11-26,True
DRV_0735,Benjamin Drake,49,Coimbatore,11.004346,76.915828,Scooter,4.0,2020-08-17,True
DRV_0736,Brian Duran,33,Chennai,13.053546,80.222037,Motorcycle,4.9,2022-07-21,True
DRV_0737,Mark Doyle,44,Jaipur,26.8901,75.826786,Bicycle,3.2,2020-12-19,True
DRV_0738,Sarah Gordon,46,Chandigarh,30.717636,76.781405,Bicycle,4.3,2024-07-07,True
DRV_0739,Crystal Jordan,37,Surat,21.215639,72.791234,Motorcycle,3.9,2023-02-22,True
DRV_0740,Monica Henderson,26,Mumbai,19.045401,72.842614,Bicycle,5.0,2023-09-12,False
DRV_0741,Dakota Thompson,33,Chennai,13.069911,80.276292,Motorcycle,3.5,2022-06-26,True
DRV_0742,Gregory Williams,28,Lucknow,26.802944,80.913381,Scooter,4.5,2024-09-01,True
DRV_0743,Roger Molina,42,Pune,18.488755,73.85854,Motorcycle,3.3,2021-10-22,True
DRV_0744,Charles Price III,50,Ahmedabad,23.006971,72.601191,Scooter,4.9,2020-11-13,True
DRV_0745,Steven Schmidt,39,Coimbatore,10.972642,77.003454,Scooter,5.0,2021-12-02,True
DRV_0746,Jessica Powers,27,Delhi,28.735253,77.082221,Motorcycle,4.7,2020-08-21,True
DRV_0747,Elaine Nichols,22,Delhi,28.706762,77.110448,Scooter,3.2,2023-07-20,True
DRV_0748,Emily Payne,38,Delhi,28.697652,77.120905,Car,3.1,2021-11-12,True
DRV_0749,Angel Reed,46,Indore,22.694382,75.83666,Motorcycle,3.0,2022-03-21,True
DRV_0750,Jeffery Moon,25,Chandigarh,30.745325,76.797104,Scooter,3.2,2021-07-05,True
DRV_0751,Joseph Wheeler,47,Chennai,13.040599,80.242102,Bicycle,3.6,2023-08-01,True
DRV_0752,Eric Mccullough,49,Bhopal,23.296696,77.413285,Scooter,3.1,2023-12-02,True
DRV_0753,Adam Lynch,29,Chandigarh,30.689505,76.732666,Motorcycle,3.2,2024-02-08,True
DRV_0754,Robert Abbott,28,Delhi,28.709157,77.083712,Motorcycle,3.8,2024-09-29,True
DRV_0755,Luke Harrison,22,Mumbai,19.045991,72.848401,Motorcycle,4.8,2022-06-26,True
DRV_0756,Tony Sanchez,29,Hyderabad,17.343903,78.44138,Car,4.4,2022-01-31,True
DRV_0757,Cassandra Kerr,23,Bhopal,23.229311,77.456177,Scooter,4.9,2024-02-13,True
DRV_0758,Christina Long,49,Chennai,13.048782,80.292427,Scooter,3.8,2024-05-30,True
DRV_0759,Evelyn Johnston,20,Indore,22.728163,75.843426,Motorcycle,4.2,2022-12-20,True
DRV_0760,Robin Blake,38,Pune,18.567596,73.820375,Scooter,3.6,2020-08-10,True
DRV_0761,Valerie Oneill,26,Delhi,28.727614,77.126516,Motorcycle,4.6,2021-08-26,False
DRV_0762,Stephen Petersen,43,Chennai,13.069254,80.304612,Bicycle,3.3,2023-06-08,True
DRV_0763,Allison Freeman,22,Ahmedabad,23.019669,72.560866,Car,3.1,2020-11-05,False
DRV_0764,Eric Smith,32,Chennai,13.047338,80.250767,Motorcycle,4.4,2021-11-13,True
DRV_0765,Catherine Murray,30,Delhi,28.728912,77.109855,Bicycle,4.3,2020-10-28,True
DRV_0766,Ashley Gonzalez,43,Bhopal,23.22848,77.460387,Motorcycle,3.9,2023-04-18,True
DRV_0767,David Williams,21,Mumbai,19.063953,72.863154,Motorcycle,3.7,2024-02-07,True
DRV_0768,Christine Perez,22,Bangalore,12.975757,77.620336,Motorcycle,4.8,2022-04-25,True
DRV_0769,Alyssa Lynch,25,Hyderabad,17.381959,78.491597,Scooter,4.7,2023-10-09,True
DRV_0770,Marcus Bailey,23,Jaipur,26.900131,75.811413,Scooter,5.0,2023-12-23,True
DRV_0771,Jerome Williams,48,Chennai,13.070156,80.281422,Motorcycle,3.0,2022-06-26,True
DRV_0772,Joseph Jackson,46,Jaipur,26.889334,75.806583,Motorcycle,3.6,2023-07-21,True
DRV_0773,Keith Fisher,48,Jaipur,26.942132,75.768803,Motorcycle,3.2,2024-01-30,True
DRV_0774,Mr. Zachary Patterson Jr.,37,Coimbatore,11.007568,76.910412,Motorcycle,4.8,2024-09-16,True
DRV_0775,Michael Johnson,50,Indore,22.708207,75.845284,Motorcycle,4.3,2024-04-08,False
DRV_0776,Sara Hill,32,Mumbai,19.064762,72.886757,Car,3.8,2022-08-31,True
DRV_0777,Vickie Morrison,32,Mumbai,19.062636,72.8438,Scooter,3.4,2023-12-31,True
DRV_0778,Brenda Miller,27,Bhopal,23.241478,77.420226,Car,4.1,2022-11-04,True
DRV_0779,Kimberly Galloway,44,Pune,18.541196,73.869512,Scooter,5.0,2021-01-13,True
DRV_0780,Alyssa Flowers,42,Pune,18.479519,73.894907,Bicycle,3.2,2021-10-02,True
DRV_0781,John Hensley,20,Kolkata,22.560392,88.384999,Bicycle,3.3,2022-12-08,True
DRV_0782,Ashlee Davis,42,Kolkata,22.599974,88.349049,Motorcycle,4.1,2023-04-07,True
DRV_0783,Steven Riley,20,Bhopal,23.240958,77.453226,Motorcycle,4.9,2023-10-09,True
DRV_0784,Bruce Williams,22,Chandigarh,30.750262,76.825142,Scooter,3.5,2022-09-16,True
DRV_0785,Joel Lynch,50,Pune,18.483716,73.865589,Car,3.5,2022-09-27,True
DRV_0786,James Johnston,43,Bhopal,23.248731,77.370849,Scooter,4.3,2023-08-01,False
DRV_0787,Angela Martin,24,Chennai,13.088688,80.237994,Motorcycle,4.3,2021-05-06,False
DRV_0788,Larry Smith,43,Delhi,28.69949,77.086326,Motorcycle,4.4,2024-08-30,False
DRV_0789,Alexandra Warren,20,Coimbatore,11.058807,76.959353,Scooter,3.0,2020-06-24,True
DRV_0790,Steve Stephens,30,Mumbai,19.029592,72.890301,Scooter,4.2,2024-09-01,True
DRV_0791,Walter Sanders,26,Delhi,28.672633,77.135995,Motorcycle,3.7,2023-11-29,True
DRV_0792,Jesse Shelton,32,Chandigarh,30.767105,76.811823,Scooter,4.8,2020-06-20,True
DRV_0793,Christopher Ruiz,20,Surat,21.182282,72.811807,Motorcycle,3.7,2020-09-10,True
DRV_0794,David Stanley,40,Bangalore,13.011999,77.584209,Motorcycle,4.0,2021-08-08,True
DRV_0795,Alicia Schroeder,49,Coimbatore,10.989591,76.925236,Motorcycle,4.8,2020-07-04,True
DRV_0796,Sean Norman,25,Lucknow,26.831701,80.990498,Bicycle,3.6,2023-09-30,True
DRV_0797,Travis Johnson,27,Surat,21.216151,72.791398,Motorcycle,4.2,2024-11-05,False
DRV_0798,Brian Caldwell,26,Bangalore,13.011874,77.610753,Motorcycle,4.8,2020-12-01,True
DRV_0799,Carol Wright,50,Chandigarh,30.737646,76.770854,Scooter,3.4,2022-05-06,True
DRV_0800,Seth Rich,47,Pune,18.5004,73.828162,Car,4.2,2022-11-14,False
